pid,worker,iteration,target,best_target,acq_params,TUNABLE_WEIGHT,TUNABLE_LEARNING_RATE
36638,0,0,-75452.0965617671,-73695.82184774632,"{'random_state': RandomState(MT19937) at 0x128231540, 'i': 6, 'kappa': 8.912509381337456, 'exploration_decay': 0.9809947127268773, 'exploration_decay_delay': 0}",50615.76888752303,0.0017670169402947944
36639,1,0,-76883.61808722977,-73695.82184774632,"{'random_state': RandomState(MT19937) at 0x128231540, 'i': 6, 'kappa': 8.912509381337456, 'exploration_decay': 0.9809947127268773, 'exploration_decay_delay': 0}",390.79671568228804,0.246583294585491
36643,2,0,-74299.1329041817,-73695.82184774632,"{'random_state': RandomState(MT19937) at 0x128231540, 'i': 6, 'kappa': 8.912509381337456, 'exploration_decay': 0.9809947127268773, 'exploration_decay_delay': 0}",0.8629132190071857,8.632008168602546e-05
36642,3,0,-74508.68885029656,-73695.82184774632,"{'random_state': RandomState(MT19937) at 0x128231540, 'i': 6, 'kappa': 8.912509381337456, 'exploration_decay': 0.9809947127268773, 'exploration_decay_delay': 0}",15741.890047456642,2.2310108018679208e-05
36640,4,0,-75099.399366417,-75099.399366417,"{'random_state': RandomState(MT19937) at 0x128231540, 'i': 6, 'kappa': 8.912509381337456, 'exploration_decay': 0.9809947127268773, 'exploration_decay_delay': 0}",1771.8847354806812,0.040428727350273315
36641,5,0,-73695.82184774632,-73695.82184774632,"{'random_state': RandomState(MT19937) at 0x128231540, 'i': 6, 'kappa': 8.912509381337456, 'exploration_decay': 0.9809947127268773, 'exploration_decay_delay': 0}",65987.11072054073,1.3289448722869186e-05
37469,0,1,-75279.13690862284,-73683.3385476071,"{'random_state': RandomState(MT19937) at 0x128231540, 'i': 12, 'kappa': 7.943282347242816, 'exploration_decay': 0.9809947127268773, 'exploration_decay_delay': 0}",11.621557508579901,1.0927829854036014e-05
37466,1,1,-73683.3385476071,-73683.3385476071,"{'random_state': RandomState(MT19937) at 0x128231540, 'i': 12, 'kappa': 7.943282347242816, 'exploration_decay': 0.9809947127268773, 'exploration_decay_delay': 0}",99084.81652179151,0.00046030867128591844
37465,2,1,-74532.11793270515,-73695.82184774632,"{'random_state': RandomState(MT19937) at 0x128231540, 'i': 12, 'kappa': 7.943282347242816, 'exploration_decay': 0.9809947127268773, 'exploration_decay_delay': 0}",85367.69068266099,1.9547782276445052e-05
37470,3,1,-73886.1842538481,-73695.82184774632,"{'random_state': RandomState(MT19937) at 0x128231540, 'i': 12, 'kappa': 7.943282347242816, 'exploration_decay': 0.9809947127268773, 'exploration_decay_delay': 0}",96427.59997003763,1.8275339537686755e-05
37467,4,1,-73932.78972146632,-73695.82184774632,"{'random_state': RandomState(MT19937) at 0x128231540, 'i': 12, 'kappa': 7.943282347242816, 'exploration_decay': 0.9809947127268773, 'exploration_decay_delay': 0}",0.10680047763588392,1.0329450392644584e-05
37468,5,1,-74671.74802734045,-73695.82184774632,"{'random_state': RandomState(MT19937) at 0x128231540, 'i': 12, 'kappa': 7.943282347242816, 'exploration_decay': 0.9809947127268773, 'exploration_decay_delay': 0}",45229.192214983384,2.375007372488036e-05
38358,0,2,-75657.06196445422,-72179.86490852451,"{'random_state': RandomState(MT19937) at 0x128231540, 'i': 18, 'kappa': 7.0794578438413795, 'exploration_decay': 0.9809947127268773, 'exploration_decay_delay': 0}",0.10201660023562423,0.016338765725164947
38355,1,2,-76816.8358320666,-72179.86490852451,"{'random_state': RandomState(MT19937) at 0x128231540, 'i': 18, 'kappa': 7.0794578438413795, 'exploration_decay': 0.9809947127268773, 'exploration_decay_delay': 0}",0.10196085314135131,9.023902526859306
38356,2,2,-72179.86490852451,-72179.86490852451,"{'random_state': RandomState(MT19937) at 0x128231540, 'i': 18, 'kappa': 7.0794578438413795, 'exploration_decay': 0.9809947127268773, 'exploration_decay_delay': 0}",26.59932023019771,2.3008502547359288e-05
38354,3,2,-72899.05972398474,-72899.05972398474,"{'random_state': RandomState(MT19937) at 0x128231540, 'i': 18, 'kappa': 7.0794578438413795, 'exploration_decay': 0.9809947127268773, 'exploration_decay_delay': 0}",0.11417896644996368,8.970318515645342
38357,4,2,-76602.0950444219,-73683.3385476071,"{'random_state': RandomState(MT19937) at 0x128231540, 'i': 18, 'kappa': 7.0794578438413795, 'exploration_decay': 0.9809947127268773, 'exploration_decay_delay': 0}",0.10500778547895934,5.272342360441321
38353,5,2,-73921.89990498299,-73683.3385476071,"{'random_state': RandomState(MT19937) at 0x128231540, 'i': 18, 'kappa': 7.0794578438413795, 'exploration_decay': 0.9809947127268773, 'exploration_decay_delay': 0}",33.24978050275343,1.3810449742996413e-05
39193,0,3,-76286.53675884906,-72179.86490852451,"{'random_state': RandomState(MT19937) at 0x128231540, 'i': 24, 'kappa': 6.3095734448019325, 'exploration_decay': 0.9809947127268773, 'exploration_decay_delay': 0}",0.18067595236644138,8.651568322259115
39190,1,3,-78354.51965478946,-71317.10864161402,"{'random_state': RandomState(MT19937) at 0x128231540, 'i': 24, 'kappa': 6.3095734448019325, 'exploration_decay': 0.9809947127268773, 'exploration_decay_delay': 0}",0.1722878825568978,9.288331564995453
39195,2,3,-75327.26034665223,-71317.10864161402,"{'random_state': RandomState(MT19937) at 0x128231540, 'i': 24, 'kappa': 6.3095734448019325, 'exploration_decay': 0.9809947127268773, 'exploration_decay_delay': 0}",37.348290700089876,2.599580591937247e-05
39194,3,3,-71317.10864161402,-71317.10864161402,"{'random_state': RandomState(MT19937) at 0x128231540, 'i': 24, 'kappa': 6.3095734448019325, 'exploration_decay': 0.9809947127268773, 'exploration_decay_delay': 0}",99831.14940681234,1.1190536191191558e-05
39192,4,3,-75375.9065064719,-72179.86490852451,"{'random_state': RandomState(MT19937) at 0x128231540, 'i': 24, 'kappa': 6.3095734448019325, 'exploration_decay': 0.9809947127268773, 'exploration_decay_delay': 0}",95822.02242800084,9.78765737234837
39191,5,3,-73233.33806811113,-72179.86490852451,"{'random_state': RandomState(MT19937) at 0x128231540, 'i': 24, 'kappa': 6.3095734448019325, 'exploration_decay': 0.9809947127268773, 'exploration_decay_delay': 0}",96519.90176278078,9.127513549329079
42802,0,4,-71799.145500688,-71317.10864161402,"{'random_state': RandomState(MT19937) at 0x128231540, 'i': 30, 'kappa': 5.623413251903491, 'exploration_decay': 0.9809947127268773, 'exploration_decay_delay': 0}",33.15614472023102,3.301150868685642e-05
42803,1,4,-75819.7686467333,-71317.10864161402,"{'random_state': RandomState(MT19937) at 0x128231540, 'i': 30, 'kappa': 5.623413251903491, 'exploration_decay': 0.9809947127268773, 'exploration_decay_delay': 0}",80026.80768519285,6.303203290939813
42804,2,4,-74758.4219060424,-71317.10864161402,"{'random_state': RandomState(MT19937) at 0x128231540, 'i': 30, 'kappa': 5.623413251903491, 'exploration_decay': 0.9809947127268773, 'exploration_decay_delay': 0}",99771.02889346897,6.020278082620472
42806,3,4,-73648.39891382218,-71317.10864161402,"{'random_state': RandomState(MT19937) at 0x128231540, 'i': 30, 'kappa': 5.623413251903491, 'exploration_decay': 0.9809947127268773, 'exploration_decay_delay': 0}",96949.741902498,5.935053685077882
42805,4,4,-76256.29234293582,-71317.10864161402,"{'random_state': RandomState(MT19937) at 0x128231540, 'i': 30, 'kappa': 5.623413251903491, 'exploration_decay': 0.9809947127268773, 'exploration_decay_delay': 0}",97387.80243295658,6.208198411815193
42807,5,4,-75342.05194831928,-71317.10864161402,"{'random_state': RandomState(MT19937) at 0x128231540, 'i': 30, 'kappa': 5.623413251903491, 'exploration_decay': 0.9809947127268773, 'exploration_decay_delay': 0}",0.1565492434048121,9.177760970119795
43668,0,5,-75849.98147376435,-71317.10864161402,"{'random_state': RandomState(MT19937) at 0x128231540, 'i': 36, 'kappa': 5.011872336272723, 'exploration_decay': 0.9809947127268773, 'exploration_decay_delay': 0}",83929.63131167993,4.400514556273862
43671,1,5,-73476.1889748083,-71317.10864161402,"{'random_state': RandomState(MT19937) at 0x128231540, 'i': 36, 'kappa': 5.011872336272723, 'exploration_decay': 0.9809947127268773, 'exploration_decay_delay': 0}",92097.30683700457,4.124325775163178
43669,2,5,-74311.82737836985,-71317.10864161402,"{'random_state': RandomState(MT19937) at 0x128231540, 'i': 36, 'kappa': 5.011872336272723, 'exploration_decay': 0.9809947127268773, 'exploration_decay_delay': 0}",81149.79796305415,4.097505301559088
43667,3,5,-77070.50186671919,-71317.10864161402,"{'random_state': RandomState(MT19937) at 0x128231540, 'i': 36, 'kappa': 5.011872336272723, 'exploration_decay': 0.9809947127268773, 'exploration_decay_delay': 0}",89493.80861308923,3.863327382214074
43666,4,5,-75065.63379032636,-71317.10864161402,"{'random_state': RandomState(MT19937) at 0x128231540, 'i': 36, 'kappa': 5.011872336272723, 'exploration_decay': 0.9809947127268773, 'exploration_decay_delay': 0}",19.533175563116362,3.1393286734149766e-05
43670,5,5,-72734.28406322023,-71317.10864161402,"{'random_state': RandomState(MT19937) at 0x128231540, 'i': 36, 'kappa': 5.011872336272723, 'exploration_decay': 0.9809947127268773, 'exploration_decay_delay': 0}",17.26967707248102,2.212141676986376e-05
44424,0,6,-76130.29878817096,-69172.55475510251,"{'random_state': RandomState(MT19937) at 0x128231540, 'i': 42, 'kappa': 4.466835921509629, 'exploration_decay': 0.9809947127268773, 'exploration_decay_delay': 0}",49994.60454036525,4.19813322401674
44421,1,6,-73419.2920556581,-71317.10864161402,"{'random_state': RandomState(MT19937) at 0x128231540, 'i': 42, 'kappa': 4.466835921509629, 'exploration_decay': 0.9809947127268773, 'exploration_decay_delay': 0}",37.69821727462909,4.7481509619774855e-05
44422,2,6,-69172.55475510251,-69172.55475510251,"{'random_state': RandomState(MT19937) at 0x128231540, 'i': 42, 'kappa': 4.466835921509629, 'exploration_decay': 0.9809947127268773, 'exploration_decay_delay': 0}",35.473058829028716,5.283258724579343e-05
44425,3,6,-73923.60310666254,-71317.10864161402,"{'random_state': RandomState(MT19937) at 0x128231540, 'i': 42, 'kappa': 4.466835921509629, 'exploration_decay': 0.9809947127268773, 'exploration_decay_delay': 0}",33.6890067790947,5.292808208034733e-05
44423,4,6,-76213.62292573221,-71317.10864161402,"{'random_state': RandomState(MT19937) at 0x128231540, 'i': 42, 'kappa': 4.466835921509629, 'exploration_decay': 0.9809947127268773, 'exploration_decay_delay': 0}",85767.62876790306,4.04702086863895
44420,5,6,-77335.3695288618,-71317.10864161402,"{'random_state': RandomState(MT19937) at 0x128231540, 'i': 42, 'kappa': 4.466835921509629, 'exploration_decay': 0.9809947127268773, 'exploration_decay_delay': 0}",81773.14312358115,4.16722020853158
45238,0,7,-75716.90645471505,-69172.55475510251,"{'random_state': RandomState(MT19937) at 0x128231540, 'i': 48, 'kappa': 3.981071705534971, 'exploration_decay': 0.9809947127268773, 'exploration_decay_delay': 0}",59452.954284534484,3.024138663471962
45234,1,7,-77289.47632277619,-69172.55475510251,"{'random_state': RandomState(MT19937) at 0x128231540, 'i': 48, 'kappa': 3.981071705534971, 'exploration_decay': 0.9809947127268773, 'exploration_decay_delay': 0}",66355.94691785573,3.193159527352547
45237,2,7,-76953.59168445255,-69172.55475510251,"{'random_state': RandomState(MT19937) at 0x128231540, 'i': 48, 'kappa': 3.981071705534971, 'exploration_decay': 0.9809947127268773, 'exploration_decay_delay': 0}",72468.78550229428,2.884837455919932
45236,3,7,-74931.47732824812,-69172.55475510251,"{'random_state': RandomState(MT19937) at 0x128231540, 'i': 48, 'kappa': 3.981071705534971, 'exploration_decay': 0.9809947127268773, 'exploration_decay_delay': 0}",68968.14788260912,3.2715534424009634
45239,4,7,-78149.7014783422,-69172.55475510251,"{'random_state': RandomState(MT19937) at 0x128231540, 'i': 48, 'kappa': 3.981071705534971, 'exploration_decay': 0.9809947127268773, 'exploration_decay_delay': 0}",61214.10989463216,3.261308103696907
45235,5,7,-72735.02036411793,-69172.55475510251,"{'random_state': RandomState(MT19937) at 0x128231540, 'i': 48, 'kappa': 3.981071705534971, 'exploration_decay': 0.9809947127268773, 'exploration_decay_delay': 0}",52919.15087048375,3.476852471024054
46173,0,8,-77323.4426164262,-69172.55475510251,"{'random_state': RandomState(MT19937) at 0x128231540, 'i': 54, 'kappa': 3.5481338923357533, 'exploration_decay': 0.9809947127268773, 'exploration_decay_delay': 0}",46.64558975750682,6.92944635725668e-05
46171,1,8,-75500.62348806775,-69172.55475510251,"{'random_state': RandomState(MT19937) at 0x128231540, 'i': 54, 'kappa': 3.5481338923357533, 'exploration_decay': 0.9809947127268773, 'exploration_decay_delay': 0}",39.73607961219606,7.461602666737648e-05
46169,2,8,-71990.06619455467,-69172.55475510251,"{'random_state': RandomState(MT19937) at 0x128231540, 'i': 54, 'kappa': 3.5481338923357533, 'exploration_decay': 0.9809947127268773, 'exploration_decay_delay': 0}",49.035892132430575,6.60146263795168e-05
46168,3,8,-72613.563884367,-69172.55475510251,"{'random_state': RandomState(MT19937) at 0x128231540, 'i': 54, 'kappa': 3.5481338923357533, 'exploration_decay': 0.9809947127268773, 'exploration_decay_delay': 0}",46.13110553937849,6.76877185523567e-05
46170,4,8,-73875.23758156532,-69172.55475510251,"{'random_state': RandomState(MT19937) at 0x128231540, 'i': 54, 'kappa': 3.5481338923357533, 'exploration_decay': 0.9809947127268773, 'exploration_decay_delay': 0}",49.649486526951705,6.353543782457151e-05
46172,5,8,-75365.39203498236,-69172.55475510251,"{'random_state': RandomState(MT19937) at 0x128231540, 'i': 54, 'kappa': 3.5481338923357533, 'exploration_decay': 0.9809947127268773, 'exploration_decay_delay': 0}",72392.55121833716,3.0020120935250008
47021,0,9,-75920.43115898405,-69172.55475510251,"{'random_state': RandomState(MT19937) at 0x128231540, 'i': 60, 'kappa': 3.1622776601683773, 'exploration_decay': 0.9809947127268773, 'exploration_decay_delay': 0}",34009.51560709001,2.7095064215223075
47020,1,9,-76325.33145960291,-69172.55475510251,"{'random_state': RandomState(MT19937) at 0x128231540, 'i': 60, 'kappa': 3.1622776601683773, 'exploration_decay': 0.9809947127268773, 'exploration_decay_delay': 0}",37076.020660810565,2.7518489536218986
47018,2,9,-72979.93211450608,-69172.55475510251,"{'random_state': RandomState(MT19937) at 0x128231540, 'i': 60, 'kappa': 3.1622776601683773, 'exploration_decay': 0.9809947127268773, 'exploration_decay_delay': 0}",35723.41315351545,2.581487690875458
47022,3,9,-74444.4614102126,-69172.55475510251,"{'random_state': RandomState(MT19937) at 0x128231540, 'i': 60, 'kappa': 3.1622776601683773, 'exploration_decay': 0.9809947127268773, 'exploration_decay_delay': 0}",59.467539338095605,0.00010658945445493693
47017,4,9,-78212.29211545906,-69172.55475510251,"{'random_state': RandomState(MT19937) at 0x128231540, 'i': 60, 'kappa': 3.1622776601683773, 'exploration_decay': 0.9809947127268773, 'exploration_decay_delay': 0}",39595.8683678858,2.445550727625922
47019,5,9,-72260.11785377211,-69172.55475510251,"{'random_state': RandomState(MT19937) at 0x128231540, 'i': 60, 'kappa': 3.1622776601683773, 'exploration_decay': 0.9809947127268773, 'exploration_decay_delay': 0}",47.75061118191985,6.651966662528009e-05
47926,0,10,-72286.48344112498,-69172.55475510251,"{'random_state': RandomState(MT19937) at 0x128231540, 'i': 66, 'kappa': 2.818382931264452, 'exploration_decay': 0.9809947127268773, 'exploration_decay_delay': 0}",82.69851109687255,7.993520346035134e-05
47928,1,10,-77066.74104555915,-69172.55475510251,"{'random_state': RandomState(MT19937) at 0x128231540, 'i': 66, 'kappa': 2.818382931264452, 'exploration_decay': 0.9809947127268773, 'exploration_decay_delay': 0}",23526.085583326236,2.6240778654978385
47931,2,10,-73113.10247565492,-69172.55475510251,"{'random_state': RandomState(MT19937) at 0x128231540, 'i': 66, 'kappa': 2.818382931264452, 'exploration_decay': 0.9809947127268773, 'exploration_decay_delay': 0}",86.0692123191847,7.67785117044888e-05
47929,3,10,-74757.79395189906,-69172.55475510251,"{'random_state': RandomState(MT19937) at 0x128231540, 'i': 66, 'kappa': 2.818382931264452, 'exploration_decay': 0.9809947127268773, 'exploration_decay_delay': 0}",90.4809835123114,6.954274281400263e-05
47927,4,10,-76640.6452299411,-69172.55475510251,"{'random_state': RandomState(MT19937) at 0x128231540, 'i': 66, 'kappa': 2.818382931264452, 'exploration_decay': 0.9809947127268773, 'exploration_decay_delay': 0}",0.2399591693345747,4.6368259344212035
47930,5,10,-72887.8248717314,-69172.55475510251,"{'random_state': RandomState(MT19937) at 0x128231540, 'i': 66, 'kappa': 2.818382931264452, 'exploration_decay': 0.9809947127268773, 'exploration_decay_delay': 0}",82.42003063191852,7.31119342000619e-05
48654,0,11,-74632.3697592346,-69172.55475510251,"{'random_state': RandomState(MT19937) at 0x128231540, 'i': 72, 'kappa': 2.5118864315095784, 'exploration_decay': 0.9809947127268773, 'exploration_decay_delay': 0}",90.83399078790904,0.0001575571804116613
48652,1,11,-72385.8953195127,-69172.55475510251,"{'random_state': RandomState(MT19937) at 0x128231540, 'i': 72, 'kappa': 2.5118864315095784, 'exploration_decay': 0.9809947127268773, 'exploration_decay_delay': 0}",92.42791707844741,0.00015264374680482872
48656,2,11,-77076.95259086743,-69172.55475510251,"{'random_state': RandomState(MT19937) at 0x128231540, 'i': 72, 'kappa': 2.5118864315095784, 'exploration_decay': 0.9809947127268773, 'exploration_decay_delay': 0}",25531.295145044736,1.6021002453891904
48653,3,11,-74828.50556708308,-69172.55475510251,"{'random_state': RandomState(MT19937) at 0x128231540, 'i': 72, 'kappa': 2.5118864315095784, 'exploration_decay': 0.9809947127268773, 'exploration_decay_delay': 0}",26116.649772320172,1.690488370540677
48655,4,11,-74260.62120907029,-69172.55475510251,"{'random_state': RandomState(MT19937) at 0x128231540, 'i': 72, 'kappa': 2.5118864315095784, 'exploration_decay': 0.9809947127268773, 'exploration_decay_delay': 0}",92.71953476098882,7.817719870780907e-05
48651,5,11,-74841.60998587591,-69172.55475510251,"{'random_state': RandomState(MT19937) at 0x128231540, 'i': 72, 'kappa': 2.5118864315095784, 'exploration_decay': 0.9809947127268773, 'exploration_decay_delay': 0}",24483.324962722483,1.658703164626504
49498,0,12,-74271.943753278,-69172.55475510251,"{'random_state': RandomState(MT19937) at 0x128231540, 'i': 78, 'kappa': 2.238721138568338, 'exploration_decay': 0.9809947127268773, 'exploration_decay_delay': 0}",9.360943605352553,2.2987520655724967e-05
49494,1,12,-73516.75948861985,-69172.55475510251,"{'random_state': RandomState(MT19937) at 0x128231540, 'i': 78, 'kappa': 2.238721138568338, 'exploration_decay': 0.9809947127268773, 'exploration_decay_delay': 0}",138.8236688545719,0.0001303015396952823
49495,2,12,-74970.9180124758,-69172.55475510251,"{'random_state': RandomState(MT19937) at 0x128231540, 'i': 78, 'kappa': 2.238721138568338, 'exploration_decay': 0.9809947127268773, 'exploration_decay_delay': 0}",12958.54841128123,1.9319746696655746
49496,3,12,-73564.76714804604,-69172.55475510251,"{'random_state': RandomState(MT19937) at 0x128231540, 'i': 78, 'kappa': 2.238721138568338, 'exploration_decay': 0.9809947127268773, 'exploration_decay_delay': 0}",9.176686776932069,2.4524701579459575e-05
49497,4,12,-76500.33264874312,-69172.55475510251,"{'random_state': RandomState(MT19937) at 0x128231540, 'i': 78, 'kappa': 2.238721138568338, 'exploration_decay': 0.9809947127268773, 'exploration_decay_delay': 0}",85.84497343017972,0.00015253588686345816
49493,5,12,-75744.5868637385,-69172.55475510251,"{'random_state': RandomState(MT19937) at 0x128231540, 'i': 78, 'kappa': 2.238721138568338, 'exploration_decay': 0.9809947127268773, 'exploration_decay_delay': 0}",8.737780102642512,2.4434926371968196e-05
50325,0,13,-73688.73985894182,-69172.55475510251,"{'random_state': RandomState(MT19937) at 0x128231540, 'i': 84, 'kappa': 1.9952623149688782, 'exploration_decay': 0.9809947127268773, 'exploration_decay_delay': 0}",12.153796662352004,3.2880071593031054e-05
50323,1,13,-72977.4072917277,-69172.55475510251,"{'random_state': RandomState(MT19937) at 0x128231540, 'i': 84, 'kappa': 1.9952623149688782, 'exploration_decay': 0.9809947127268773, 'exploration_decay_delay': 0}",11.68709825860293,3.330331320325325e-05
50328,2,13,-74400.05289970244,-69172.55475510251,"{'random_state': RandomState(MT19937) at 0x128231540, 'i': 84, 'kappa': 1.9952623149688782, 'exploration_decay': 0.9809947127268773, 'exploration_decay_delay': 0}",135.6477081213394,0.00012447910368896015
50326,3,13,-74240.11945743143,-69172.55475510251,"{'random_state': RandomState(MT19937) at 0x128231540, 'i': 84, 'kappa': 1.9952623149688782, 'exploration_decay': 0.9809947127268773, 'exploration_decay_delay': 0}",131.0269125824692,0.00012322563726289488
50324,4,13,-71199.5990575535,-69172.55475510251,"{'random_state': RandomState(MT19937) at 0x128231540, 'i': 84, 'kappa': 1.9952623149688782, 'exploration_decay': 0.9809947127268773, 'exploration_decay_delay': 0}",145.36512242223546,0.00015496875640562058
50327,5,13,-76087.65133823181,-69172.55475510251,"{'random_state': RandomState(MT19937) at 0x128231540, 'i': 84, 'kappa': 1.9952623149688782, 'exploration_decay': 0.9809947127268773, 'exploration_decay_delay': 0}",130.7947357634492,0.00012773132952164092
51187,0,14,-77511.341623564,-69172.55475510251,"{'random_state': RandomState(MT19937) at 0x128231540, 'i': 90, 'kappa': 1.7782794100389212, 'exploration_decay': 0.9809947127268773, 'exploration_decay_delay': 0}",38.494232488395646,6.232756486401177e-05
51189,1,14,-73388.94501232042,-69172.55475510251,"{'random_state': RandomState(MT19937) at 0x128231540, 'i': 90, 'kappa': 1.7782794100389212, 'exploration_decay': 0.9809947127268773, 'exploration_decay_delay': 0}",203.7068122979988,0.00013795124750094433
51192,2,14,-74087.66058232718,-69172.55475510251,"{'random_state': RandomState(MT19937) at 0x128231540, 'i': 90, 'kappa': 1.7782794100389212, 'exploration_decay': 0.9809947127268773, 'exploration_decay_delay': 0}",220.08998490914456,0.00013358183610764012
51191,3,14,-75183.74082566031,-69172.55475510251,"{'random_state': RandomState(MT19937) at 0x128231540, 'i': 90, 'kappa': 1.7782794100389212, 'exploration_decay': 0.9809947127268773, 'exploration_decay_delay': 0}",190.21443381360666,0.00011546022869814673
51188,4,14,-72395.17391312377,-69172.55475510251,"{'random_state': RandomState(MT19937) at 0x128231540, 'i': 90, 'kappa': 1.7782794100389212, 'exploration_decay': 0.9809947127268773, 'exploration_decay_delay': 0}",207.2481645262515,0.00011823947187168978
51190,5,14,-76541.60941185142,-69172.55475510251,"{'random_state': RandomState(MT19937) at 0x128231540, 'i': 90, 'kappa': 1.7782794100389212, 'exploration_decay': 0.9809947127268773, 'exploration_decay_delay': 0}",190.40759667341553,0.00017643076722514313
52018,0,15,-72258.43163388874,-69172.55475510251,"{'random_state': RandomState(MT19937) at 0x128231540, 'i': 96, 'kappa': 1.5848931924611118, 'exploration_decay': 0.9809947127268773, 'exploration_decay_delay': 0}",206.0507527777774,0.0002519006398934703
52019,1,15,-75221.97273082477,-69172.55475510251,"{'random_state': RandomState(MT19937) at 0x128231540, 'i': 96, 'kappa': 1.5848931924611118, 'exploration_decay': 0.9809947127268773, 'exploration_decay_delay': 0}",291.04687220106774,8.31518032693216e-05
52021,2,15,-73745.05675809905,-69172.55475510251,"{'random_state': RandomState(MT19937) at 0x128231540, 'i': 96, 'kappa': 1.5848931924611118, 'exploration_decay': 0.9809947127268773, 'exploration_decay_delay': 0}",218.05607129055628,0.00023422658462356386
52023,3,15,-75082.66476759974,-69172.55475510251,"{'random_state': RandomState(MT19937) at 0x128231540, 'i': 96, 'kappa': 1.5848931924611118, 'exploration_decay': 0.9809947127268773, 'exploration_decay_delay': 0}",220.36191159154902,0.00020105665017926939
52022,4,15,-74617.25378521223,-69172.55475510251,"{'random_state': RandomState(MT19937) at 0x128231540, 'i': 96, 'kappa': 1.5848931924611118, 'exploration_decay': 0.9809947127268773, 'exploration_decay_delay': 0}",302.997937023224,8.889724764532029e-05
52020,5,15,-73850.44577894798,-69172.55475510251,"{'random_state': RandomState(MT19937) at 0x128231540, 'i': 96, 'kappa': 1.5848931924611118, 'exploration_decay': 0.9809947127268773, 'exploration_decay_delay': 0}",7.961952259173609,5.141753203942791e-05
52809,0,16,-74370.53451632542,-69172.55475510251,"{'random_state': RandomState(MT19937) at 0x128231540, 'i': 102, 'kappa': 1.4125375446227524, 'exploration_decay': 0.9809947127268773, 'exploration_decay_delay': 0}",95028.55173791909,4.877348229953344
52812,1,16,-73633.46351857323,-69172.55475510251,"{'random_state': RandomState(MT19937) at 0x128231540, 'i': 102, 'kappa': 1.4125375446227524, 'exploration_decay': 0.9809947127268773, 'exploration_decay_delay': 0}",97.2826639263546,0.00010734059512894527
52810,2,16,-74827.67237372359,-69172.55475510251,"{'random_state': RandomState(MT19937) at 0x128231540, 'i': 102, 'kappa': 1.4125375446227524, 'exploration_decay': 0.9809947127268773, 'exploration_decay_delay': 0}",98602.66961596592,4.78444667351183
52808,3,16,-75400.90329786479,-69172.55475510251,"{'random_state': RandomState(MT19937) at 0x128231540, 'i': 102, 'kappa': 1.4125375446227524, 'exploration_decay': 0.9809947127268773, 'exploration_decay_delay': 0}",180.8944930787793,0.0004106003020733296
52813,4,16,-74103.37955226815,-69172.55475510251,"{'random_state': RandomState(MT19937) at 0x128231540, 'i': 102, 'kappa': 1.4125375446227524, 'exploration_decay': 0.9809947127268773, 'exploration_decay_delay': 0}",94539.71046961921,4.788757264618617
52811,5,16,-75793.19045242995,-69172.55475510251,"{'random_state': RandomState(MT19937) at 0x128231540, 'i': 102, 'kappa': 1.4125375446227524, 'exploration_decay': 0.9809947127268773, 'exploration_decay_delay': 0}",96178.11248631208,4.971855102674657
53610,0,17,-75698.59741982768,-69172.55475510251,"{'random_state': RandomState(MT19937) at 0x128231540, 'i': 108, 'kappa': 1.2589254117941655, 'exploration_decay': 0.9809947127268773, 'exploration_decay_delay': 0}",20.390637434083153,1.2918367263392315e-05
53614,1,17,-73561.49129884626,-69172.55475510251,"{'random_state': RandomState(MT19937) at 0x128231540, 'i': 108, 'kappa': 1.2589254117941655, 'exploration_decay': 0.9809947127268773, 'exploration_decay_delay': 0}",78870.429399861,0.000261452567487531
53612,2,17,-74713.43283074099,-69172.55475510251,"{'random_state': RandomState(MT19937) at 0x128231540, 'i': 108, 'kappa': 1.2589254117941655, 'exploration_decay': 0.9809947127268773, 'exploration_decay_delay': 0}",91.46121802187176,0.00011134572292198489
53609,3,17,-72483.30944032253,-69172.55475510251,"{'random_state': RandomState(MT19937) at 0x128231540, 'i': 108, 'kappa': 1.2589254117941655, 'exploration_decay': 0.9809947127268773, 'exploration_decay_delay': 0}",19.77369765381051,1.3498332354608798e-05
53611,4,17,-73865.93565415729,-69172.55475510251,"{'random_state': RandomState(MT19937) at 0x128231540, 'i': 108, 'kappa': 1.2589254117941655, 'exploration_decay': 0.9809947127268773, 'exploration_decay_delay': 0}",190.94696885413077,0.00039273407230320026
53613,5,17,-73823.12254184391,-69172.55475510251,"{'random_state': RandomState(MT19937) at 0x128231540, 'i': 108, 'kappa': 1.2589254117941655, 'exploration_decay': 0.9809947127268773, 'exploration_decay_delay': 0}",101.8111338157669,0.00010907594742631495
54564,0,18,-73862.88302522655,-69172.55475510251,"{'random_state': RandomState(MT19937) at 0x128231540, 'i': 114, 'kappa': 1.1220184543019618, 'exploration_decay': 0.9809947127268773, 'exploration_decay_delay': 0}",92399.83796048773,0.0002524647951455187
54562,1,18,-75734.53798706851,-69172.55475510251,"{'random_state': RandomState(MT19937) at 0x128231540, 'i': 114, 'kappa': 1.1220184543019618, 'exploration_decay': 0.9809947127268773, 'exploration_decay_delay': 0}",12.942894680941558,1.622236425870914e-05
54565,2,18,-73686.12790107036,-69172.55475510251,"{'random_state': RandomState(MT19937) at 0x128231540, 'i': 114, 'kappa': 1.1220184543019618, 'exploration_decay': 0.9809947127268773, 'exploration_decay_delay': 0}",15.861190673892608,1.5288540759429314e-05
54563,3,18,-73959.65692994109,-69172.55475510251,"{'random_state': RandomState(MT19937) at 0x128231540, 'i': 114, 'kappa': 1.1220184543019618, 'exploration_decay': 0.9809947127268773, 'exploration_decay_delay': 0}",15.800316371697486,1.5524570603934026e-05
54560,4,18,-75019.99074232703,-69172.55475510251,"{'random_state': RandomState(MT19937) at 0x128231540, 'i': 114, 'kappa': 1.1220184543019618, 'exploration_decay': 0.9809947127268773, 'exploration_decay_delay': 0}",298.57997821239815,0.0003561202735624487
54561,5,18,-70538.78650849196,-69172.55475510251,"{'random_state': RandomState(MT19937) at 0x128231540, 'i': 114, 'kappa': 1.1220184543019618, 'exploration_decay': 0.9809947127268773, 'exploration_decay_delay': 0}",20.023449236101346,1.4541016729005766e-05
55377,0,19,-74341.26437128153,-68401.69639161766,"{'random_state': RandomState(MT19937) at 0x128231540, 'i': 120, 'kappa': 0.9999999999999986, 'exploration_decay': 0.9809947127268773, 'exploration_decay_delay': 0}",58471.02471261256,0.00046771038338443534
55380,1,19,-68401.69639161766,-68401.69639161766,"{'random_state': RandomState(MT19937) at 0x128231540, 'i': 120, 'kappa': 0.9999999999999986, 'exploration_decay': 0.9809947127268773, 'exploration_decay_delay': 0}",56214.069406849754,0.000429992017123713
55381,2,19,-73514.28197454837,-68401.69639161766,"{'random_state': RandomState(MT19937) at 0x128231540, 'i': 120, 'kappa': 0.9999999999999986, 'exploration_decay': 0.9809947127268773, 'exploration_decay_delay': 0}",50557.168986832534,0.0003976729910175626
55378,3,19,-74634.42115784148,-68401.69639161766,"{'random_state': RandomState(MT19937) at 0x128231540, 'i': 120, 'kappa': 0.9999999999999986, 'exploration_decay': 0.9809947127268773, 'exploration_decay_delay': 0}",71010.47182997367,3.823709014893383
55379,4,19,-73203.89508997915,-68401.69639161766,"{'random_state': RandomState(MT19937) at 0x128231540, 'i': 120, 'kappa': 0.9999999999999986, 'exploration_decay': 0.9809947127268773, 'exploration_decay_delay': 0}",15.227407415206708,1.6613557213721848e-05
55376,5,19,-75897.12551607945,-68401.69639161766,"{'random_state': RandomState(MT19937) at 0x128231540, 'i': 120, 'kappa': 0.9999999999999986, 'exploration_decay': 0.9809947127268773, 'exploration_decay_delay': 0}",15.612024909184985,1.5385318503461502e-05
